unchanged	./docs/about.html
unchanged	./docs/community.html
unchanged	./docs/development.html
unchanged	./docs/docs-about-lunar-linux.html
unchanged	./docs/docs-archive.html
unchanged	./docs/docs-installation-guide.html
unchanged	./docs/docs-lss-principles.html
unchanged	./docs/docs-moonbase.html
unchanged	./docs/docs-package-management.html
unchanged	./docs/docs-writing-modules.html
unchanged	./docs/docs.html
unchanged	./docs/download.html
unchanged	./docs/history.html
unchanged	./docs/index.html
unchanged	./docs/info.html
unchanged	./docs/lss.html
unchanged	./docs/lss/administrator-guide/caches-and-rollback.html
unchanged	./docs/lss/administrator-guide/index.html
unchanged	./docs/lss/administrator-guide/recovery-and-state-repair.html
unchanged	./docs/lss/administrator-guide/removal-and-preservation.html
unchanged	./docs/lss/debugging-guide/advanced-inspection.html
unchanged	./docs/lss/debugging-guide/index.html
unchanged	./docs/lss/debugging-guide/logs-and-manifests.html
unchanged	./docs/lss/debugging-guide/validated-case-studies.html
unchanged	./docs/lss/index.html
unchanged	./docs/lss/module-author-guide/building-and-testing.html
unchanged	./docs/lss/module-author-guide/index.html
unchanged	./docs/lss/module-author-guide/lifecycle-and-prepare-install.html
unchanged	./docs/lss/module-author-guide/moonbase-module-anatomy.html
unchanged	./docs/lss/module-author-guide/working-with-moonbase.html
unchanged	./docs/lss/plugin-guide/index.html
unchanged	./docs/lss/reference/commands-and-paths.html
unchanged	./docs/lss/reference/index.html
unchanged	./docs/lss/reference/state-and-return-semantics.html
unchanged	./docs/lss/user-guide/configuration.html
unchanged	./docs/lss/user-guide/dependencies-and-options.html
unchanged	./docs/lss/user-guide/index.html
unchanged	./docs/lss/user-guide/inspecting-state.html
unchanged	./docs/lss/user-guide/installing-rebuilding-removing.html
unchanged	./docs/lss/user-guide/policy-states.html
unchanged	./docs/lss/user-guide/updating-safely.html
unchanged	./docs/lur.html
unchanged	./docs/news-archive.html
unchanged	./docs/commits-archive.html
